Delivery_ID,Delivery_Type,Delivery_Status,Shipping_Date,Delivery_Date
DLV0001,Xpress,Delivered,18-01-2023,20-01-2023
DLV0002,Normal,Transit,26-12-2023,01-01-2024
DLV0003,Normal,Transit,13-02-2023,19-02-2023
DLV0004,Xpress,Returned,14-07-2023,16-07-2023
DLV0005,Normal,Transit,09-11-2023,15-11-2023
DLV0006,Normal,Transit,24-08-2023,30-08-2023
DLV0007,Normal,Returned,24-11-2023,30-11-2023
DLV0008,Xpress,Transit,30-04-2023,02-05-2023
DLV0009,Normal,Delivered,29-05-2023,04-06-2023
DLV0010,Normal,Returned,25-06-2023,01-07-2023
DLV0011,Xpress,Transit,02-08-2023,04-08-2023
DLV0012,Xpress,Returned,28-07-2023,30-07-2023
DLV0013,Xpress,Returned,31-07-2023,02-08-2023
DLV0014,Xpress,Delivered,14-03-2023,16-03-2023
DLV0015,Normal,Delivered,12-06-2023,18-06-2023
DLV0016,Normal,Delivered,12-02-2023,18-02-2023
DLV0017,Xpress,Returned,08-04-2023,10-04-2023
DLV0018,Normal,Returned,13-07-2023,19-07-2023
DLV0019,Normal,Returned,27-01-2023,02-02-2023
DLV0020,Xpress,Returned,22-08-2023,24-08-2023
DLV0021,Normal,Transit,16-12-2023,22-12-2023
DLV0022,Normal,Transit,16-03-2023,22-03-2023
DLV0023,Xpress,Transit,17-08-2023,19-08-2023
DLV0024,Normal,Delivered,27-07-2023,02-08-2023
DLV0025,Xpress,Delivered,24-04-2023,26-04-2023
DLV0026,Xpress,Returned,07-10-2023,09-10-2023
DLV0027,Xpress,Transit,12-01-2023,14-01-2023
DLV0028,Normal,Delivered,26-08-2023,01-09-2023
DLV0029,Normal,Transit,12-07-2023,18-07-2023
DLV0030,Normal,Delivered,08-04-2023,14-04-2023
DLV0031,Xpress,Delivered,31-01-2023,02-02-2023
DLV0032,Xpress,Transit,14-01-2023,16-01-2023
DLV0033,Normal,Delivered,14-10-2023,20-10-2023
DLV0034,Normal,Delivered,13-09-2023,19-09-2023
DLV0035,Xpress,Returned,06-02-2023,08-02-2023
DLV0036,Xpress,Transit,17-07-2023,19-07-2023
DLV0037,Normal,Returned,15-07-2023,21-07-2023
DLV0038,Normal,Transit,21-07-2023,27-07-2023
DLV0039,Normal,Transit,18-04-2023,24-04-2023
DLV0040,Normal,Returned,03-08-2023,09-08-2023
DLV0041,Xpress,Returned,28-01-2023,30-01-2023
DLV0042,Xpress,Transit,20-05-2023,22-05-2023
DLV0043,Normal,Returned,04-07-2023,10-07-2023
DLV0044,Xpress,Delivered,27-09-2023,29-09-2023
DLV0045,Xpress,Delivered,03-04-2023,05-04-2023
DLV0046,Normal,Delivered,05-02-2023,11-02-2023
DLV0047,Normal,Returned,03-11-2023,09-11-2023
DLV0048,Xpress,Transit,10-07-2023,12-07-2023
DLV0049,Normal,Returned,20-04-2023,26-04-2023
DLV0050,Xpress,Delivered,10-07-2023,12-07-2023
DLV0051,Normal,Transit,13-06-2023,19-06-2023
DLV0052,Normal,Delivered,09-04-2023,15-04-2023
DLV0053,Xpress,Transit,08-05-2023,10-05-2023
DLV0054,Normal,Returned,29-01-2023,04-02-2023
DLV0055,Xpress,Returned,26-08-2023,28-08-2023
DLV0056,Normal,Delivered,01-09-2023,07-09-2023
DLV0057,Normal,Delivered,21-10-2023,27-10-2023
DLV0058,Xpress,Transit,14-05-2023,16-05-2023
DLV0059,Normal,Returned,25-06-2023,01-07-2023
DLV0060,Xpress,Transit,08-05-2023,10-05-2023
DLV0061,Xpress,Transit,24-08-2023,26-08-2023
DLV0062,Xpress,Delivered,28-03-2023,30-03-2023
DLV0063,Xpress,Delivered,06-06-2023,08-06-2023
DLV0064,Xpress,Returned,13-07-2023,15-07-2023
DLV0065,Normal,Delivered,22-06-2023,28-06-2023
DLV0066,Normal,Returned,24-02-2023,02-03-2023
DLV0067,Xpress,Returned,11-06-2023,13-06-2023
DLV0068,Xpress,Transit,29-11-2023,01-12-2023
DLV0069,Normal,Returned,30-03-2023,05-04-2023
DLV0070,Xpress,Returned,02-12-2023,04-12-2023
DLV0071,Normal,Delivered,02-03-2023,08-03-2023
DLV0072,Normal,Returned,16-04-2023,22-04-2023
DLV0073,Xpress,Transit,01-04-2023,03-04-2023
DLV0074,Xpress,Returned,19-12-2023,21-12-2023
DLV0075,Normal,Returned,28-02-2023,06-03-2023
DLV0076,Xpress,Delivered,18-05-2023,20-05-2023
DLV0077,Xpress,Delivered,28-06-2023,30-06-2023
DLV0078,Normal,Delivered,01-12-2023,07-12-2023
DLV0079,Normal,Transit,30-04-2023,06-05-2023
DLV0080,Xpress,Delivered,13-10-2023,15-10-2023
DLV0081,Xpress,Transit,30-04-2023,02-05-2023
DLV0082,Normal,Returned,16-10-2023,22-10-2023
DLV0083,Normal,Returned,18-09-2023,24-09-2023
DLV0084,Normal,Returned,04-05-2023,10-05-2023
DLV0085,Normal,Transit,28-10-2023,03-11-2023
DLV0086,Normal,Transit,17-06-2023,23-06-2023
DLV0087,Normal,Delivered,13-06-2023,19-06-2023
DLV0088,Xpress,Transit,06-11-2023,08-11-2023
DLV0089,Xpress,Returned,04-01-2023,06-01-2023
DLV0090,Xpress,Delivered,04-05-2023,06-05-2023
DLV0091,Normal,Returned,24-04-2023,30-04-2023
DLV0092,Normal,Returned,15-11-2023,21-11-2023
DLV0093,Normal,Transit,04-03-2023,10-03-2023
DLV0094,Normal,Returned,14-07-2023,20-07-2023
DLV0095,Normal,Returned,10-08-2023,16-08-2023
DLV0096,Xpress,Returned,26-09-2023,28-09-2023
DLV0097,Xpress,Transit,26-02-2023,28-02-2023
DLV0098,Xpress,Delivered,17-01-2023,19-01-2023
DLV0099,Normal,Transit,16-08-2023,22-08-2023
DLV0100,Xpress,Delivered,22-09-2023,24-09-2023
DLV0101,Normal,Transit,27-06-2023,03-07-2023
DLV0102,Normal,Delivered,11-03-2023,17-03-2023
DLV0103,Xpress,Returned,09-08-2023,11-08-2023
DLV0104,Normal,Delivered,04-02-2023,10-02-2023
DLV0105,Xpress,Transit,16-01-2023,18-01-2023
DLV0106,Xpress,Returned,06-07-2023,08-07-2023
DLV0107,Normal,Transit,17-08-2023,23-08-2023
DLV0108,Xpress,Returned,17-08-2023,19-08-2023
DLV0109,Normal,Returned,02-05-2023,08-05-2023
DLV0110,Normal,Transit,05-10-2023,11-10-2023
DLV0111,Normal,Transit,25-03-2023,31-03-2023
DLV0112,Normal,Delivered,28-08-2023,03-09-2023
DLV0113,Xpress,Delivered,02-04-2023,04-04-2023
DLV0114,Xpress,Transit,12-03-2023,14-03-2023
DLV0115,Normal,Delivered,12-06-2023,18-06-2023
DLV0116,Xpress,Transit,25-02-2023,27-02-2023
DLV0117,Xpress,Transit,12-08-2023,14-08-2023
DLV0118,Xpress,Delivered,27-09-2023,29-09-2023
DLV0119,Normal,Transit,25-06-2023,01-07-2023
DLV0120,Xpress,Returned,24-12-2023,26-12-2023
DLV0121,Normal,Delivered,11-08-2023,17-08-2023
DLV0122,Normal,Returned,12-02-2023,18-02-2023
DLV0123,Normal,Transit,25-04-2023,01-05-2023
DLV0124,Normal,Returned,24-10-2023,30-10-2023
DLV0125,Xpress,Returned,27-12-2023,29-12-2023
DLV0126,Xpress,Delivered,28-11-2023,30-11-2023
DLV0127,Xpress,Transit,04-05-2023,06-05-2023
DLV0128,Xpress,Delivered,22-11-2023,24-11-2023
DLV0129,Normal,Transit,12-04-2023,18-04-2023
DLV0130,Xpress,Transit,12-06-2023,14-06-2023
DLV0131,Normal,Transit,31-07-2023,06-08-2023
DLV0132,Xpress,Transit,19-09-2023,21-09-2023
DLV0133,Xpress,Returned,28-03-2023,30-03-2023
DLV0134,Normal,Delivered,28-06-2023,04-07-2023
DLV0135,Normal,Delivered,29-07-2023,04-08-2023
DLV0136,Xpress,Returned,06-06-2023,08-06-2023
DLV0137,Normal,Delivered,19-08-2023,25-08-2023
DLV0138,Xpress,Delivered,29-11-2023,01-12-2023
DLV0139,Normal,Delivered,18-09-2023,24-09-2023
DLV0140,Normal,Delivered,23-04-2023,29-04-2023
DLV0141,Xpress,Returned,24-03-2023,26-03-2023
DLV0142,Normal,Transit,02-09-2023,08-09-2023
DLV0143,Normal,Returned,21-07-2023,27-07-2023
DLV0144,Xpress,Transit,24-01-2023,26-01-2023
DLV0145,Normal,Transit,26-09-2023,02-10-2023
DLV0146,Xpress,Transit,29-09-2023,01-10-2023
DLV0147,Xpress,Delivered,12-09-2023,14-09-2023
DLV0148,Normal,Delivered,03-02-2023,09-02-2023
DLV0149,Xpress,Transit,05-09-2023,07-09-2023
DLV0150,Xpress,Returned,07-07-2023,09-07-2023
DLV0151,Normal,Transit,27-07-2023,02-08-2023
DLV0152,Normal,Returned,19-07-2023,25-07-2023
DLV0153,Normal,Transit,10-08-2023,16-08-2023
DLV0154,Xpress,Transit,15-08-2023,17-08-2023
DLV0155,Normal,Delivered,12-03-2023,18-03-2023
DLV0156,Xpress,Delivered,02-06-2023,04-06-2023
DLV0157,Xpress,Returned,17-03-2023,19-03-2023
DLV0158,Normal,Returned,10-07-2023,16-07-2023
DLV0159,Normal,Returned,03-07-2023,09-07-2023
DLV0160,Normal,Delivered,23-11-2023,29-11-2023
DLV0161,Normal,Delivered,03-10-2023,09-10-2023
DLV0162,Xpress,Delivered,01-08-2023,03-08-2023
DLV0163,Normal,Returned,31-03-2023,06-04-2023
DLV0164,Xpress,Returned,10-12-2023,12-12-2023
DLV0165,Normal,Returned,09-02-2023,15-02-2023
DLV0166,Xpress,Transit,29-08-2023,31-08-2023
DLV0167,Normal,Delivered,03-07-2023,09-07-2023
DLV0168,Normal,Transit,24-11-2023,30-11-2023
DLV0169,Normal,Returned,16-09-2023,22-09-2023
DLV0170,Normal,Transit,13-08-2023,19-08-2023
DLV0171,Normal,Delivered,05-04-2023,11-04-2023
DLV0172,Xpress,Delivered,09-08-2023,11-08-2023
DLV0173,Xpress,Delivered,10-04-2023,12-04-2023
DLV0174,Xpress,Returned,08-02-2023,10-02-2023
DLV0175,Xpress,Transit,05-12-2023,07-12-2023
DLV0176,Normal,Delivered,10-03-2023,16-03-2023
DLV0177,Xpress,Returned,06-09-2023,08-09-2023
DLV0178,Xpress,Returned,14-11-2023,16-11-2023
DLV0179,Xpress,Delivered,27-10-2023,29-10-2023
DLV0180,Normal,Delivered,22-05-2023,28-05-2023
DLV0181,Xpress,Delivered,27-12-2023,29-12-2023
DLV0182,Normal,Transit,09-12-2023,15-12-2023
DLV0183,Normal,Delivered,12-03-2023,18-03-2023
DLV0184,Xpress,Delivered,20-02-2023,22-02-2023
DLV0185,Normal,Delivered,25-12-2023,31-12-2023
DLV0186,Xpress,Transit,13-12-2023,15-12-2023
DLV0187,Xpress,Delivered,13-06-2023,15-06-2023
DLV0188,Normal,Delivered,03-02-2023,09-02-2023
DLV0189,Normal,Delivered,29-01-2023,04-02-2023
DLV0190,Normal,Returned,17-11-2023,23-11-2023
DLV0191,Xpress,Returned,04-04-2023,06-04-2023
DLV0192,Xpress,Returned,05-05-2023,07-05-2023
DLV0193,Normal,Transit,02-08-2023,08-08-2023
DLV0194,Normal,Transit,11-08-2023,17-08-2023
DLV0195,Normal,Returned,15-10-2023,21-10-2023
DLV0196,Xpress,Delivered,23-07-2023,25-07-2023
DLV0197,Xpress,Transit,23-04-2023,25-04-2023
DLV0198,Normal,Transit,15-08-2023,21-08-2023
DLV0199,Xpress,Delivered,22-09-2023,24-09-2023
DLV0200,Xpress,Delivered,06-12-2023,08-12-2023
DLV0201,Normal,Delivered,04-11-2023,10-11-2023
DLV0202,Xpress,Transit,18-06-2023,20-06-2023
DLV0203,Xpress,Delivered,30-07-2023,01-08-2023
DLV0204,Normal,Transit,01-10-2023,07-10-2023
DLV0205,Normal,Delivered,01-02-2023,07-02-2023
DLV0206,Xpress,Transit,06-01-2023,08-01-2023
DLV0207,Normal,Transit,04-06-2023,10-06-2023
DLV0208,Xpress,Delivered,05-05-2023,07-05-2023
DLV0209,Xpress,Returned,01-05-2023,03-05-2023
DLV0210,Normal,Delivered,14-11-2023,20-11-2023
DLV0211,Xpress,Transit,23-06-2023,25-06-2023
DLV0212,Xpress,Delivered,28-08-2023,30-08-2023
DLV0213,Normal,Delivered,21-02-2023,27-02-2023
DLV0214,Xpress,Delivered,15-03-2023,17-03-2023
DLV0215,Normal,Delivered,28-04-2023,04-05-2023
DLV0216,Normal,Transit,24-07-2023,30-07-2023
DLV0217,Normal,Returned,21-11-2023,27-11-2023
DLV0218,Normal,Transit,31-10-2023,06-11-2023
DLV0219,Xpress,Transit,10-10-2023,12-10-2023
DLV0220,Xpress,Delivered,28-11-2023,30-11-2023
DLV0221,Normal,Transit,07-06-2023,13-06-2023
DLV0222,Xpress,Returned,24-02-2023,26-02-2023
DLV0223,Normal,Transit,05-05-2023,11-05-2023
DLV0224,Normal,Transit,20-03-2023,26-03-2023
DLV0225,Normal,Delivered,17-05-2023,23-05-2023
DLV0226,Xpress,Delivered,20-03-2023,22-03-2023
DLV0227,Normal,Returned,18-02-2023,24-02-2023
DLV0228,Normal,Transit,10-07-2023,16-07-2023
DLV0229,Normal,Transit,02-10-2023,08-10-2023
DLV0230,Xpress,Delivered,22-11-2023,24-11-2023
DLV0231,Normal,Transit,27-12-2023,02-01-2024
DLV0232,Normal,Transit,23-01-2023,29-01-2023
DLV0233,Normal,Delivered,28-08-2023,03-09-2023
DLV0234,Normal,Delivered,03-11-2023,09-11-2023
DLV0235,Normal,Returned,18-09-2023,24-09-2023
DLV0236,Normal,Transit,02-06-2023,08-06-2023
DLV0237,Normal,Returned,05-10-2023,11-10-2023
DLV0238,Xpress,Transit,16-11-2023,18-11-2023
DLV0239,Xpress,Returned,24-02-2023,26-02-2023
DLV0240,Xpress,Delivered,03-01-2023,05-01-2023
DLV0241,Xpress,Delivered,09-11-2023,11-11-2023
DLV0242,Normal,Delivered,23-01-2023,29-01-2023
DLV0243,Xpress,Transit,29-08-2023,31-08-2023
DLV0244,Normal,Transit,23-12-2023,29-12-2023
DLV0245,Normal,Returned,23-07-2023,29-07-2023
DLV0246,Xpress,Transit,10-07-2023,12-07-2023
DLV0247,Normal,Returned,23-02-2023,01-03-2023
DLV0248,Xpress,Returned,30-01-2023,01-02-2023
DLV0249,Normal,Returned,05-07-2023,11-07-2023
DLV0250,Normal,Delivered,14-05-2023,20-05-2023
DLV0251,Xpress,Transit,13-11-2023,15-11-2023
DLV0252,Xpress,Transit,22-05-2023,24-05-2023
DLV0253,Xpress,Delivered,18-06-2023,20-06-2023
DLV0254,Xpress,Delivered,18-05-2023,20-05-2023
DLV0255,Xpress,Delivered,28-06-2023,30-06-2023
DLV0256,Xpress,Transit,08-11-2023,10-11-2023
DLV0257,Xpress,Delivered,08-06-2023,10-06-2023
DLV0258,Normal,Delivered,07-02-2023,13-02-2023
DLV0259,Xpress,Transit,06-09-2023,08-09-2023
DLV0260,Normal,Transit,05-11-2023,11-11-2023
DLV0261,Normal,Returned,01-11-2023,07-11-2023
DLV0262,Normal,Transit,06-07-2023,12-07-2023
DLV0263,Xpress,Returned,15-07-2023,17-07-2023
DLV0264,Xpress,Transit,23-11-2023,25-11-2023
DLV0265,Normal,Transit,06-07-2023,12-07-2023
DLV0266,Normal,Returned,02-12-2023,08-12-2023
DLV0267,Normal,Transit,17-08-2023,23-08-2023
DLV0268,Normal,Transit,23-01-2023,29-01-2023
DLV0269,Normal,Transit,04-07-2023,10-07-2023
DLV0270,Xpress,Delivered,01-11-2023,03-11-2023
DLV0271,Normal,Transit,21-04-2023,27-04-2023
DLV0272,Xpress,Delivered,09-04-2023,11-04-2023
DLV0273,Normal,Returned,08-01-2023,14-01-2023
DLV0274,Xpress,Delivered,20-03-2023,22-03-2023
DLV0275,Normal,Returned,23-11-2023,29-11-2023
DLV0276,Normal,Delivered,19-09-2023,25-09-2023
DLV0277,Normal,Delivered,25-05-2023,31-05-2023
DLV0278,Normal,Delivered,27-10-2023,02-11-2023
DLV0279,Normal,Transit,27-01-2023,02-02-2023
DLV0280,Xpress,Delivered,06-02-2023,08-02-2023
DLV0281,Normal,Returned,01-09-2023,07-09-2023
DLV0282,Normal,Returned,28-06-2023,04-07-2023
DLV0283,Xpress,Returned,31-08-2023,02-09-2023
DLV0284,Normal,Transit,22-05-2023,28-05-2023
DLV0285,Xpress,Returned,16-02-2023,18-02-2023
DLV0286,Xpress,Returned,18-01-2023,20-01-2023
DLV0287,Normal,Transit,31-10-2023,06-11-2023
DLV0288,Normal,Delivered,16-03-2023,22-03-2023
DLV0289,Normal,Delivered,11-08-2023,17-08-2023
DLV0290,Normal,Returned,26-09-2023,02-10-2023
DLV0291,Normal,Transit,18-08-2023,24-08-2023
DLV0292,Normal,Transit,06-07-2023,12-07-2023
DLV0293,Xpress,Delivered,11-10-2023,13-10-2023
DLV0294,Xpress,Returned,31-12-2023,02-01-2024
DLV0295,Xpress,Returned,12-09-2023,14-09-2023
DLV0296,Xpress,Delivered,03-10-2023,05-10-2023
DLV0297,Xpress,Returned,29-06-2023,01-07-2023
DLV0298,Normal,Delivered,11-07-2023,17-07-2023
DLV0299,Xpress,Transit,07-12-2023,09-12-2023
DLV0300,Normal,Transit,22-11-2023,28-11-2023
DLV0301,Normal,Returned,02-07-2023,08-07-2023
DLV0302,Xpress,Returned,21-11-2023,23-11-2023
DLV0303,Xpress,Transit,24-03-2023,26-03-2023
DLV0304,Xpress,Delivered,05-12-2023,07-12-2023
DLV0305,Normal,Returned,23-11-2023,29-11-2023
DLV0306,Xpress,Transit,27-03-2023,29-03-2023
DLV0307,Normal,Transit,22-04-2023,28-04-2023
DLV0308,Normal,Transit,27-05-2023,02-06-2023
DLV0309,Xpress,Delivered,12-10-2023,14-10-2023
DLV0310,Xpress,Returned,15-12-2023,17-12-2023
DLV0311,Xpress,Delivered,25-06-2023,27-06-2023
DLV0312,Normal,Delivered,11-05-2023,17-05-2023
DLV0313,Xpress,Returned,28-03-2023,30-03-2023
DLV0314,Normal,Transit,09-07-2023,15-07-2023
DLV0315,Xpress,Delivered,01-07-2023,03-07-2023
DLV0316,Normal,Delivered,18-02-2023,24-02-2023
DLV0317,Xpress,Transit,18-11-2023,20-11-2023
DLV0318,Normal,Delivered,15-07-2023,21-07-2023
DLV0319,Normal,Delivered,07-09-2023,13-09-2023
DLV0320,Xpress,Returned,31-01-2023,02-02-2023
DLV0321,Xpress,Returned,13-04-2023,15-04-2023
DLV0322,Normal,Returned,25-10-2023,31-10-2023
DLV0323,Normal,Delivered,29-12-2023,04-01-2024
DLV0324,Xpress,Delivered,01-03-2023,03-03-2023
DLV0325,Normal,Transit,01-10-2023,07-10-2023
DLV0326,Normal,Returned,22-02-2023,28-02-2023
DLV0327,Xpress,Transit,20-01-2023,22-01-2023
DLV0328,Normal,Delivered,06-01-2023,12-01-2023
DLV0329,Xpress,Transit,14-12-2023,16-12-2023
DLV0330,Xpress,Transit,29-08-2023,31-08-2023
DLV0331,Normal,Delivered,20-11-2023,26-11-2023
DLV0332,Xpress,Transit,24-10-2023,26-10-2023
DLV0333,Xpress,Transit,24-11-2023,26-11-2023
DLV0334,Xpress,Delivered,23-07-2023,25-07-2023
DLV0335,Xpress,Returned,29-11-2023,01-12-2023
DLV0336,Normal,Delivered,12-06-2023,18-06-2023
DLV0337,Normal,Returned,09-09-2023,15-09-2023
DLV0338,Xpress,Delivered,15-01-2023,17-01-2023
DLV0339,Xpress,Transit,05-01-2023,07-01-2023
DLV0340,Xpress,Returned,01-03-2023,03-03-2023
DLV0341,Normal,Transit,10-12-2023,16-12-2023
DLV0342,Normal,Returned,24-03-2023,30-03-2023
DLV0343,Xpress,Returned,29-11-2023,01-12-2023
DLV0344,Xpress,Returned,21-10-2023,23-10-2023
DLV0345,Normal,Returned,03-11-2023,09-11-2023
DLV0346,Normal,Returned,18-11-2023,24-11-2023
DLV0347,Normal,Returned,29-06-2023,05-07-2023
DLV0348,Normal,Delivered,20-02-2023,26-02-2023
DLV0349,Xpress,Transit,22-11-2023,24-11-2023
DLV0350,Normal,Delivered,01-11-2023,07-11-2023
DLV0351,Normal,Delivered,28-01-2023,03-02-2023
DLV0352,Xpress,Transit,29-05-2023,31-05-2023
DLV0353,Normal,Returned,25-09-2023,01-10-2023
DLV0354,Normal,Delivered,19-08-2023,25-08-2023
DLV0355,Normal,Transit,08-06-2023,14-06-2023
DLV0356,Normal,Returned,29-01-2023,04-02-2023
DLV0357,Xpress,Returned,09-08-2023,11-08-2023
DLV0358,Xpress,Transit,23-06-2023,25-06-2023
DLV0359,Xpress,Delivered,07-12-2023,09-12-2023
DLV0360,Normal,Transit,14-12-2023,20-12-2023
DLV0361,Xpress,Returned,09-04-2023,11-04-2023
DLV0362,Xpress,Transit,09-10-2023,11-10-2023
DLV0363,Xpress,Returned,25-02-2023,27-02-2023
DLV0364,Xpress,Returned,13-11-2023,15-11-2023
DLV0365,Xpress,Returned,30-09-2023,02-10-2023
DLV0366,Xpress,Transit,17-08-2023,19-08-2023
DLV0367,Normal,Delivered,08-12-2023,14-12-2023
DLV0368,Normal,Delivered,14-07-2023,20-07-2023
DLV0369,Normal,Returned,24-11-2023,30-11-2023
DLV0370,Normal,Transit,08-12-2023,14-12-2023
DLV0371,Xpress,Returned,30-01-2023,01-02-2023
DLV0372,Xpress,Delivered,18-07-2023,20-07-2023
DLV0373,Xpress,Transit,06-03-2023,08-03-2023
DLV0374,Xpress,Delivered,28-11-2023,30-11-2023
DLV0375,Normal,Returned,26-05-2023,01-06-2023
DLV0376,Normal,Transit,02-06-2023,08-06-2023
DLV0377,Xpress,Delivered,03-01-2023,05-01-2023
DLV0378,Normal,Returned,25-01-2023,31-01-2023
DLV0379,Xpress,Returned,15-06-2023,17-06-2023
DLV0380,Xpress,Returned,22-12-2023,24-12-2023
DLV0381,Normal,Transit,28-10-2023,03-11-2023
DLV0382,Xpress,Delivered,16-07-2023,18-07-2023
DLV0383,Xpress,Delivered,11-04-2023,13-04-2023
DLV0384,Xpress,Delivered,08-09-2023,10-09-2023
DLV0385,Xpress,Delivered,23-08-2023,25-08-2023
DLV0386,Normal,Transit,21-02-2023,27-02-2023
DLV0387,Xpress,Returned,06-02-2023,08-02-2023
DLV0388,Xpress,Returned,08-08-2023,10-08-2023
DLV0389,Normal,Returned,07-11-2023,13-11-2023
DLV0390,Xpress,Returned,13-06-2023,15-06-2023
DLV0391,Normal,Transit,17-10-2023,23-10-2023
DLV0392,Xpress,Delivered,22-09-2023,24-09-2023
DLV0393,Xpress,Delivered,27-10-2023,29-10-2023
DLV0394,Xpress,Transit,29-08-2023,31-08-2023
DLV0395,Normal,Delivered,10-11-2023,16-11-2023
DLV0396,Xpress,Returned,03-07-2023,05-07-2023
DLV0397,Xpress,Delivered,29-11-2023,01-12-2023
DLV0398,Normal,Delivered,27-10-2023,02-11-2023
DLV0399,Normal,Delivered,28-09-2023,04-10-2023
DLV0400,Xpress,Transit,03-02-2023,05-02-2023
DLV0401,Normal,Delivered,02-08-2023,08-08-2023
DLV0402,Xpress,Returned,01-10-2023,03-10-2023
DLV0403,Xpress,Delivered,12-01-2023,14-01-2023
DLV0404,Normal,Returned,21-10-2023,27-10-2023
DLV0405,Normal,Returned,01-06-2023,07-06-2023
DLV0406,Normal,Transit,07-09-2023,13-09-2023
DLV0407,Xpress,Returned,02-11-2023,04-11-2023
DLV0408,Normal,Delivered,12-07-2023,18-07-2023
DLV0409,Xpress,Transit,16-10-2023,18-10-2023
DLV0410,Xpress,Returned,06-08-2023,08-08-2023
DLV0411,Xpress,Transit,11-08-2023,13-08-2023
DLV0412,Xpress,Returned,30-10-2023,01-11-2023
DLV0413,Normal,Returned,05-04-2023,11-04-2023
DLV0414,Xpress,Transit,26-03-2023,28-03-2023
DLV0415,Normal,Transit,09-11-2023,15-11-2023
DLV0416,Xpress,Delivered,25-12-2023,27-12-2023
DLV0417,Xpress,Returned,19-01-2023,21-01-2023
DLV0418,Xpress,Transit,05-12-2023,07-12-2023
DLV0419,Normal,Transit,06-11-2023,12-11-2023
DLV0420,Xpress,Returned,07-10-2023,09-10-2023
DLV0421,Normal,Transit,13-12-2023,19-12-2023
DLV0422,Normal,Transit,01-01-2024,07-01-2024
DLV0423,Xpress,Delivered,27-10-2023,29-10-2023
DLV0424,Xpress,Returned,31-03-2023,02-04-2023
DLV0425,Xpress,Transit,19-06-2023,21-06-2023
DLV0426,Xpress,Delivered,19-02-2023,21-02-2023
DLV0427,Xpress,Delivered,26-06-2023,28-06-2023
DLV0428,Xpress,Returned,24-07-2023,26-07-2023
DLV0429,Xpress,Returned,14-11-2023,16-11-2023
DLV0430,Normal,Delivered,25-10-2023,31-10-2023
DLV0431,Xpress,Transit,25-01-2023,27-01-2023
DLV0432,Normal,Returned,27-06-2023,03-07-2023
DLV0433,Xpress,Transit,11-10-2023,13-10-2023
DLV0434,Xpress,Transit,19-02-2023,21-02-2023
DLV0435,Normal,Transit,18-01-2023,24-01-2023
DLV0436,Normal,Transit,23-01-2023,29-01-2023
DLV0437,Normal,Delivered,13-08-2023,19-08-2023
DLV0438,Normal,Transit,09-06-2023,15-06-2023
DLV0439,Xpress,Transit,11-10-2023,13-10-2023
DLV0440,Xpress,Returned,08-02-2023,10-02-2023
DLV0441,Normal,Returned,02-07-2023,08-07-2023
DLV0442,Xpress,Delivered,04-12-2023,06-12-2023
DLV0443,Xpress,Delivered,28-03-2023,30-03-2023
DLV0444,Xpress,Delivered,11-07-2023,13-07-2023
DLV0445,Normal,Transit,25-08-2023,31-08-2023
DLV0446,Normal,Delivered,21-09-2023,27-09-2023
DLV0447,Normal,Returned,06-09-2023,12-09-2023
DLV0448,Xpress,Delivered,11-07-2023,13-07-2023
DLV0449,Xpress,Transit,21-04-2023,23-04-2023
DLV0450,Xpress,Returned,07-04-2023,09-04-2023
DLV0451,Normal,Delivered,05-01-2023,11-01-2023
DLV0452,Xpress,Delivered,09-01-2023,11-01-2023
DLV0453,Xpress,Transit,25-06-2023,27-06-2023
DLV0454,Xpress,Transit,06-12-2023,08-12-2023
DLV0455,Xpress,Returned,22-11-2023,24-11-2023
DLV0456,Normal,Returned,16-06-2023,22-06-2023
DLV0457,Xpress,Returned,14-11-2023,16-11-2023
DLV0458,Xpress,Transit,12-04-2023,14-04-2023
DLV0459,Normal,Transit,28-07-2023,03-08-2023
DLV0460,Xpress,Transit,12-01-2023,14-01-2023
DLV0461,Xpress,Delivered,13-04-2023,15-04-2023
DLV0462,Normal,Transit,19-05-2023,25-05-2023
DLV0463,Normal,Transit,04-11-2023,10-11-2023
DLV0464,Normal,Transit,03-06-2023,09-06-2023
DLV0465,Xpress,Delivered,17-06-2023,19-06-2023
DLV0466,Normal,Transit,08-02-2023,14-02-2023
DLV0467,Normal,Delivered,18-12-2023,24-12-2023
DLV0468,Normal,Delivered,27-02-2023,05-03-2023
DLV0469,Xpress,Returned,10-10-2023,12-10-2023
DLV0470,Xpress,Returned,05-05-2023,07-05-2023
DLV0471,Xpress,Delivered,18-11-2023,20-11-2023
DLV0472,Xpress,Returned,02-04-2023,04-04-2023
DLV0473,Xpress,Returned,11-09-2023,13-09-2023
DLV0474,Normal,Delivered,03-03-2023,09-03-2023
DLV0475,Normal,Returned,11-07-2023,17-07-2023
DLV0476,Normal,Transit,10-07-2023,16-07-2023
DLV0477,Xpress,Transit,22-01-2023,24-01-2023
DLV0478,Xpress,Delivered,06-11-2023,08-11-2023
DLV0479,Xpress,Delivered,16-03-2023,18-03-2023
DLV0480,Normal,Transit,25-12-2023,31-12-2023
DLV0481,Normal,Delivered,23-10-2023,29-10-2023
DLV0482,Normal,Delivered,11-08-2023,17-08-2023
DLV0483,Xpress,Transit,14-08-2023,16-08-2023
DLV0484,Xpress,Transit,16-02-2023,18-02-2023
DLV0485,Normal,Delivered,19-08-2023,25-08-2023
DLV0486,Normal,Transit,10-12-2023,16-12-2023
DLV0487,Xpress,Delivered,03-05-2023,05-05-2023
DLV0488,Xpress,Transit,19-07-2023,21-07-2023
DLV0489,Xpress,Transit,13-11-2023,15-11-2023
DLV0490,Xpress,Returned,02-06-2023,04-06-2023
DLV0491,Xpress,Transit,20-11-2023,22-11-2023
DLV0492,Normal,Returned,05-10-2023,11-10-2023
DLV0493,Normal,Returned,26-12-2023,01-01-2024
DLV0494,Normal,Transit,02-01-2023,08-01-2023
DLV0495,Normal,Delivered,22-09-2023,28-09-2023
DLV0496,Normal,Returned,27-11-2023,03-12-2023
DLV0497,Xpress,Transit,28-06-2023,30-06-2023
DLV0498,Xpress,Transit,14-06-2023,16-06-2023
DLV0499,Xpress,Returned,28-05-2023,30-05-2023
DLV0500,Normal,Returned,05-04-2023,11-04-2023
DLV0501,Xpress,Transit,27-11-2023,29-11-2023
DLV0502,Normal,Returned,20-07-2023,26-07-2023
DLV0503,Xpress,Transit,04-03-2023,06-03-2023
DLV0504,Xpress,Delivered,28-05-2023,30-05-2023
DLV0505,Normal,Delivered,30-06-2023,06-07-2023
DLV0506,Xpress,Transit,17-01-2023,19-01-2023
DLV0507,Normal,Delivered,10-06-2023,16-06-2023
DLV0508,Normal,Transit,11-01-2023,17-01-2023
DLV0509,Xpress,Delivered,03-01-2023,05-01-2023
DLV0510,Normal,Returned,26-10-2023,01-11-2023
DLV0511,Xpress,Delivered,18-10-2023,20-10-2023
DLV0512,Normal,Returned,25-05-2023,31-05-2023
DLV0513,Normal,Transit,10-08-2023,16-08-2023
DLV0514,Normal,Transit,12-09-2023,18-09-2023
DLV0515,Xpress,Transit,11-10-2023,13-10-2023
DLV0516,Xpress,Transit,12-07-2023,14-07-2023
DLV0517,Xpress,Delivered,20-05-2023,22-05-2023
DLV0518,Normal,Transit,30-03-2023,05-04-2023
DLV0519,Xpress,Returned,20-07-2023,22-07-2023
DLV0520,Normal,Returned,12-03-2023,18-03-2023
DLV0521,Normal,Returned,27-04-2023,03-05-2023
DLV0522,Normal,Returned,17-09-2023,23-09-2023
DLV0523,Normal,Delivered,21-06-2023,27-06-2023
DLV0524,Xpress,Transit,23-03-2023,25-03-2023
DLV0525,Normal,Transit,24-09-2023,30-09-2023
DLV0526,Xpress,Transit,23-02-2023,25-02-2023
DLV0527,Normal,Transit,23-11-2023,29-11-2023
DLV0528,Normal,Returned,14-11-2023,20-11-2023
DLV0529,Normal,Returned,25-10-2023,31-10-2023
DLV0530,Xpress,Transit,02-10-2023,04-10-2023
DLV0531,Normal,Delivered,13-02-2023,19-02-2023
DLV0532,Xpress,Transit,27-10-2023,29-10-2023
DLV0533,Normal,Delivered,20-08-2023,26-08-2023
DLV0534,Normal,Returned,06-06-2023,12-06-2023
DLV0535,Xpress,Transit,26-04-2023,28-04-2023
DLV0536,Normal,Transit,28-10-2023,03-11-2023
DLV0537,Normal,Returned,14-04-2023,20-04-2023
DLV0538,Xpress,Transit,26-09-2023,28-09-2023
DLV0539,Normal,Transit,14-08-2023,20-08-2023
DLV0540,Normal,Returned,19-04-2023,25-04-2023
DLV0541,Xpress,Delivered,13-10-2023,15-10-2023
DLV0542,Normal,Delivered,25-08-2023,31-08-2023
DLV0543,Normal,Transit,20-10-2023,26-10-2023
DLV0544,Normal,Delivered,22-12-2023,28-12-2023
DLV0545,Normal,Transit,13-06-2023,19-06-2023
DLV0546,Xpress,Transit,27-01-2023,29-01-2023
DLV0547,Xpress,Returned,05-09-2023,07-09-2023
DLV0548,Xpress,Delivered,06-11-2023,08-11-2023
DLV0549,Normal,Transit,02-04-2023,08-04-2023
DLV0550,Xpress,Returned,24-11-2023,26-11-2023
DLV0551,Normal,Transit,30-10-2023,05-11-2023
DLV0552,Normal,Returned,01-05-2023,07-05-2023
DLV0553,Normal,Delivered,05-05-2023,11-05-2023
DLV0554,Xpress,Delivered,05-02-2023,07-02-2023
DLV0555,Xpress,Delivered,19-07-2023,21-07-2023
DLV0556,Normal,Returned,14-06-2023,20-06-2023
DLV0557,Normal,Returned,19-12-2023,25-12-2023
DLV0558,Normal,Delivered,02-04-2023,08-04-2023
DLV0559,Xpress,Transit,18-10-2023,20-10-2023
DLV0560,Normal,Returned,16-12-2023,22-12-2023
DLV0561,Xpress,Delivered,01-09-2023,03-09-2023
DLV0562,Normal,Delivered,12-08-2023,18-08-2023
DLV0563,Xpress,Transit,25-01-2023,27-01-2023
DLV0564,Xpress,Transit,08-04-2023,10-04-2023
DLV0565,Normal,Transit,13-03-2023,19-03-2023
DLV0566,Normal,Transit,27-04-2023,03-05-2023
DLV0567,Normal,Delivered,04-02-2023,10-02-2023
DLV0568,Xpress,Transit,11-10-2023,13-10-2023
DLV0569,Normal,Transit,18-09-2023,24-09-2023
DLV0570,Normal,Transit,29-04-2023,05-05-2023
DLV0571,Xpress,Returned,04-12-2023,06-12-2023
DLV0572,Normal,Returned,04-08-2023,10-08-2023
DLV0573,Normal,Delivered,29-03-2023,04-04-2023
DLV0574,Xpress,Delivered,21-06-2023,23-06-2023
DLV0575,Normal,Returned,13-01-2023,19-01-2023
DLV0576,Normal,Transit,19-03-2023,25-03-2023
DLV0577,Normal,Transit,15-06-2023,21-06-2023
DLV0578,Normal,Returned,23-01-2023,29-01-2023
DLV0579,Xpress,Returned,19-10-2023,21-10-2023
DLV0580,Normal,Transit,27-05-2023,02-06-2023
DLV0581,Xpress,Transit,07-08-2023,09-08-2023
DLV0582,Xpress,Delivered,19-06-2023,21-06-2023
DLV0583,Xpress,Returned,10-11-2023,12-11-2023
DLV0584,Xpress,Returned,26-03-2023,28-03-2023
DLV0585,Normal,Delivered,03-02-2023,09-02-2023
DLV0586,Xpress,Returned,13-12-2023,15-12-2023
DLV0587,Normal,Delivered,15-02-2023,21-02-2023
DLV0588,Normal,Delivered,13-05-2023,19-05-2023
DLV0589,Normal,Delivered,25-06-2023,01-07-2023
DLV0590,Xpress,Returned,21-08-2023,23-08-2023
DLV0591,Xpress,Returned,19-07-2023,21-07-2023
DLV0592,Normal,Transit,22-04-2023,28-04-2023
DLV0593,Normal,Returned,02-11-2023,08-11-2023
DLV0594,Normal,Delivered,04-02-2023,10-02-2023
DLV0595,Normal,Delivered,22-07-2023,28-07-2023
DLV0596,Xpress,Returned,24-09-2023,26-09-2023
DLV0597,Xpress,Delivered,07-10-2023,09-10-2023
DLV0598,Xpress,Delivered,01-01-2024,03-01-2024
DLV0599,Xpress,Transit,14-05-2023,16-05-2023
DLV0600,Normal,Transit,12-11-2023,18-11-2023
DLV0601,Normal,Delivered,23-01-2023,29-01-2023
DLV0602,Xpress,Delivered,19-07-2023,21-07-2023
DLV0603,Normal,Returned,11-06-2023,17-06-2023
DLV0604,Xpress,Returned,17-12-2023,19-12-2023
DLV0605,Xpress,Delivered,02-03-2023,04-03-2023
DLV0606,Xpress,Delivered,16-12-2023,18-12-2023
DLV0607,Normal,Delivered,17-03-2023,23-03-2023
DLV0608,Normal,Transit,26-02-2023,04-03-2023
DLV0609,Normal,Returned,03-01-2023,09-01-2023
DLV0610,Xpress,Delivered,15-12-2023,17-12-2023
DLV0611,Normal,Transit,25-10-2023,31-10-2023
DLV0612,Normal,Returned,28-10-2023,03-11-2023
DLV0613,Normal,Returned,24-05-2023,30-05-2023
DLV0614,Xpress,Delivered,25-04-2023,27-04-2023
DLV0615,Normal,Returned,24-08-2023,30-08-2023
DLV0616,Xpress,Returned,14-05-2023,16-05-2023
DLV0617,Normal,Transit,13-09-2023,19-09-2023
DLV0618,Xpress,Delivered,16-11-2023,18-11-2023
DLV0619,Xpress,Delivered,12-09-2023,14-09-2023
DLV0620,Xpress,Returned,07-09-2023,09-09-2023
DLV0621,Normal,Delivered,01-09-2023,07-09-2023
DLV0622,Normal,Transit,08-07-2023,14-07-2023
DLV0623,Xpress,Delivered,17-06-2023,19-06-2023
DLV0624,Normal,Transit,28-12-2023,03-01-2024
DLV0625,Normal,Returned,17-09-2023,23-09-2023
DLV0626,Xpress,Delivered,21-06-2023,23-06-2023
DLV0627,Xpress,Delivered,15-03-2023,17-03-2023
DLV0628,Normal,Delivered,21-10-2023,27-10-2023
DLV0629,Normal,Transit,24-11-2023,30-11-2023
DLV0630,Xpress,Delivered,26-03-2023,28-03-2023
DLV0631,Xpress,Returned,08-09-2023,10-09-2023
DLV0632,Xpress,Transit,31-12-2023,02-01-2024
DLV0633,Normal,Transit,07-05-2023,13-05-2023
DLV0634,Xpress,Delivered,10-05-2023,12-05-2023
DLV0635,Normal,Returned,15-10-2023,21-10-2023
DLV0636,Xpress,Returned,23-11-2023,25-11-2023
DLV0637,Xpress,Returned,12-04-2023,14-04-2023
DLV0638,Xpress,Delivered,14-02-2023,16-02-2023
DLV0639,Normal,Returned,11-08-2023,17-08-2023
DLV0640,Normal,Delivered,05-10-2023,11-10-2023
DLV0641,Normal,Returned,18-12-2023,24-12-2023
DLV0642,Normal,Transit,04-11-2023,10-11-2023
DLV0643,Normal,Transit,13-06-2023,19-06-2023
DLV0644,Xpress,Delivered,30-04-2023,02-05-2023
DLV0645,Xpress,Returned,22-05-2023,24-05-2023
DLV0646,Normal,Transit,12-03-2023,18-03-2023
DLV0647,Xpress,Transit,24-01-2023,26-01-2023
DLV0648,Normal,Returned,20-04-2023,26-04-2023
DLV0649,Xpress,Delivered,30-04-2023,02-05-2023
DLV0650,Xpress,Delivered,06-08-2023,08-08-2023
DLV0651,Normal,Transit,15-10-2023,21-10-2023
DLV0652,Xpress,Delivered,26-07-2023,28-07-2023
DLV0653,Xpress,Returned,18-06-2023,20-06-2023
DLV0654,Xpress,Delivered,10-05-2023,12-05-2023
DLV0655,Normal,Transit,24-03-2023,30-03-2023
DLV0656,Normal,Delivered,04-04-2023,10-04-2023
DLV0657,Normal,Returned,19-09-2023,25-09-2023
DLV0658,Xpress,Delivered,17-05-2023,19-05-2023
DLV0659,Normal,Delivered,19-05-2023,25-05-2023
DLV0660,Xpress,Returned,01-05-2023,03-05-2023
DLV0661,Xpress,Returned,09-11-2023,11-11-2023
DLV0662,Normal,Transit,17-06-2023,23-06-2023
DLV0663,Xpress,Transit,04-06-2023,06-06-2023
DLV0664,Xpress,Delivered,26-09-2023,28-09-2023
DLV0665,Normal,Transit,11-07-2023,17-07-2023
DLV0666,Normal,Transit,17-10-2023,23-10-2023
DLV0667,Xpress,Transit,11-12-2023,13-12-2023
DLV0668,Xpress,Delivered,20-05-2023,22-05-2023
DLV0669,Xpress,Returned,17-10-2023,19-10-2023
DLV0670,Xpress,Delivered,29-11-2023,01-12-2023
DLV0671,Xpress,Transit,05-10-2023,07-10-2023
DLV0672,Xpress,Returned,10-09-2023,12-09-2023
DLV0673,Xpress,Delivered,13-04-2023,15-04-2023
DLV0674,Normal,Delivered,18-08-2023,24-08-2023
DLV0675,Xpress,Delivered,06-10-2023,08-10-2023
DLV0676,Normal,Returned,11-07-2023,17-07-2023
DLV0677,Xpress,Delivered,23-04-2023,25-04-2023
DLV0678,Normal,Returned,27-07-2023,02-08-2023
DLV0679,Normal,Transit,17-05-2023,23-05-2023
DLV0680,Normal,Transit,30-08-2023,05-09-2023
DLV0681,Normal,Delivered,24-09-2023,30-09-2023
DLV0682,Normal,Delivered,24-02-2023,02-03-2023
DLV0683,Normal,Transit,22-03-2023,28-03-2023
DLV0684,Xpress,Transit,17-04-2023,19-04-2023
DLV0685,Xpress,Returned,03-05-2023,05-05-2023
DLV0686,Xpress,Transit,11-09-2023,13-09-2023
DLV0687,Normal,Returned,21-08-2023,27-08-2023
DLV0688,Normal,Returned,22-08-2023,28-08-2023
DLV0689,Normal,Transit,07-11-2023,13-11-2023
DLV0690,Xpress,Returned,24-08-2023,26-08-2023
DLV0691,Xpress,Delivered,20-05-2023,22-05-2023
DLV0692,Normal,Delivered,03-04-2023,09-04-2023
DLV0693,Xpress,Returned,21-06-2023,23-06-2023
DLV0694,Xpress,Returned,28-01-2023,30-01-2023
DLV0695,Normal,Returned,28-05-2023,03-06-2023
DLV0696,Xpress,Returned,29-09-2023,01-10-2023
DLV0697,Xpress,Returned,30-08-2023,01-09-2023
DLV0698,Normal,Returned,03-11-2023,09-11-2023
DLV0699,Xpress,Returned,27-05-2023,29-05-2023
DLV0700,Normal,Delivered,26-02-2023,04-03-2023
DLV0701,Xpress,Delivered,28-08-2023,30-08-2023
DLV0702,Xpress,Transit,24-02-2023,26-02-2023
DLV0703,Xpress,Delivered,23-06-2023,25-06-2023
DLV0704,Xpress,Delivered,09-08-2023,11-08-2023
DLV0705,Normal,Returned,14-10-2023,20-10-2023
DLV0706,Xpress,Delivered,23-11-2023,25-11-2023
DLV0707,Xpress,Delivered,05-04-2023,07-04-2023
DLV0708,Normal,Returned,06-10-2023,12-10-2023
DLV0709,Xpress,Returned,23-07-2023,25-07-2023
DLV0710,Xpress,Delivered,20-11-2023,22-11-2023
DLV0711,Xpress,Transit,06-03-2023,08-03-2023
DLV0712,Normal,Delivered,09-09-2023,15-09-2023
DLV0713,Normal,Delivered,18-06-2023,24-06-2023
DLV0714,Normal,Transit,15-11-2023,21-11-2023
DLV0715,Normal,Delivered,01-02-2023,07-02-2023
DLV0716,Normal,Returned,11-01-2023,17-01-2023
DLV0717,Xpress,Delivered,29-07-2023,31-07-2023
DLV0718,Xpress,Transit,07-09-2023,09-09-2023
DLV0719,Xpress,Returned,25-06-2023,27-06-2023
DLV0720,Normal,Returned,14-01-2023,20-01-2023
DLV0721,Normal,Transit,01-04-2023,07-04-2023
DLV0722,Normal,Transit,03-09-2023,09-09-2023
DLV0723,Normal,Transit,06-10-2023,12-10-2023
DLV0724,Xpress,Transit,17-09-2023,19-09-2023
DLV0725,Normal,Transit,25-12-2023,31-12-2023
DLV0726,Xpress,Returned,23-01-2023,25-01-2023
DLV0727,Xpress,Returned,30-03-2023,01-04-2023
DLV0728,Xpress,Transit,30-07-2023,01-08-2023
DLV0729,Xpress,Delivered,22-04-2023,24-04-2023
DLV0730,Xpress,Delivered,27-02-2023,01-03-2023
DLV0731,Xpress,Delivered,24-11-2023,26-11-2023
DLV0732,Xpress,Delivered,07-08-2023,09-08-2023
DLV0733,Normal,Delivered,29-06-2023,05-07-2023
DLV0734,Normal,Transit,18-04-2023,24-04-2023
DLV0735,Normal,Delivered,22-08-2023,28-08-2023
DLV0736,Xpress,Transit,09-12-2023,11-12-2023
DLV0737,Xpress,Transit,26-05-2023,28-05-2023
DLV0738,Xpress,Returned,25-07-2023,27-07-2023
DLV0739,Normal,Transit,09-10-2023,15-10-2023
DLV0740,Normal,Transit,16-09-2023,22-09-2023
DLV0741,Xpress,Transit,09-11-2023,11-11-2023
DLV0742,Xpress,Transit,08-08-2023,10-08-2023
DLV0743,Normal,Delivered,23-05-2023,29-05-2023
DLV0744,Xpress,Returned,24-08-2023,26-08-2023
DLV0745,Normal,Transit,04-09-2023,10-09-2023
DLV0746,Normal,Delivered,06-08-2023,12-08-2023
DLV0747,Normal,Returned,17-02-2023,23-02-2023
DLV0748,Xpress,Returned,24-12-2023,26-12-2023
DLV0749,Xpress,Transit,31-08-2023,02-09-2023
DLV0750,Normal,Returned,26-09-2023,02-10-2023
DLV0751,Normal,Delivered,19-05-2023,25-05-2023
DLV0752,Xpress,Delivered,13-09-2023,15-09-2023
DLV0753,Normal,Delivered,26-04-2023,02-05-2023
DLV0754,Xpress,Transit,29-08-2023,31-08-2023
DLV0755,Xpress,Returned,29-11-2023,01-12-2023
DLV0756,Xpress,Returned,17-11-2023,19-11-2023
DLV0757,Xpress,Returned,20-12-2023,22-12-2023
DLV0758,Normal,Returned,04-03-2023,10-03-2023
DLV0759,Normal,Returned,24-05-2023,30-05-2023
DLV0760,Xpress,Returned,27-11-2023,29-11-2023
DLV0761,Normal,Delivered,22-09-2023,28-09-2023
DLV0762,Normal,Transit,14-09-2023,20-09-2023
DLV0763,Normal,Returned,03-09-2023,09-09-2023
DLV0764,Normal,Transit,09-01-2023,15-01-2023
DLV0765,Xpress,Returned,11-01-2023,13-01-2023
DLV0766,Xpress,Delivered,19-09-2023,21-09-2023
DLV0767,Xpress,Transit,10-03-2023,12-03-2023
DLV0768,Normal,Returned,18-11-2023,24-11-2023
DLV0769,Xpress,Delivered,01-04-2023,03-04-2023
DLV0770,Normal,Returned,05-07-2023,11-07-2023
DLV0771,Normal,Transit,20-03-2023,26-03-2023
DLV0772,Normal,Transit,21-05-2023,27-05-2023
DLV0773,Xpress,Transit,09-09-2023,11-09-2023
DLV0774,Xpress,Delivered,18-04-2023,20-04-2023
DLV0775,Xpress,Returned,30-05-2023,01-06-2023
DLV0776,Normal,Transit,25-09-2023,01-10-2023
DLV0777,Xpress,Delivered,05-09-2023,07-09-2023
DLV0778,Normal,Delivered,05-03-2023,11-03-2023
DLV0779,Xpress,Returned,27-09-2023,29-09-2023
DLV0780,Normal,Returned,27-11-2023,03-12-2023
DLV0781,Xpress,Delivered,07-08-2023,09-08-2023
DLV0782,Normal,Delivered,27-07-2023,02-08-2023
DLV0783,Normal,Transit,14-07-2023,20-07-2023
DLV0784,Normal,Transit,01-02-2023,07-02-2023
DLV0785,Normal,Transit,27-09-2023,03-10-2023
DLV0786,Xpress,Transit,02-02-2023,04-02-2023
DLV0787,Normal,Returned,27-01-2023,02-02-2023
DLV0788,Normal,Returned,07-04-2023,13-04-2023
DLV0789,Xpress,Returned,18-07-2023,20-07-2023
DLV0790,Normal,Returned,29-01-2023,04-02-2023
DLV0791,Normal,Returned,22-08-2023,28-08-2023
DLV0792,Normal,Returned,09-12-2023,15-12-2023
DLV0793,Xpress,Transit,15-09-2023,17-09-2023
DLV0794,Normal,Transit,06-04-2023,12-04-2023
DLV0795,Xpress,Transit,04-08-2023,06-08-2023
DLV0796,Xpress,Returned,01-11-2023,03-11-2023
DLV0797,Xpress,Delivered,14-03-2023,16-03-2023
DLV0798,Xpress,Returned,26-06-2023,28-06-2023
DLV0799,Normal,Returned,08-01-2023,14-01-2023
DLV0800,Xpress,Transit,16-03-2023,18-03-2023
DLV0801,Xpress,Delivered,17-01-2023,19-01-2023
DLV0802,Xpress,Delivered,11-08-2023,13-08-2023
DLV0803,Normal,Returned,15-02-2023,21-02-2023
DLV0804,Normal,Delivered,24-03-2023,30-03-2023
DLV0805,Normal,Transit,19-03-2023,25-03-2023
DLV0806,Normal,Returned,31-08-2023,06-09-2023
DLV0807,Xpress,Returned,19-08-2023,21-08-2023
DLV0808,Normal,Transit,22-01-2023,28-01-2023
DLV0809,Xpress,Transit,22-08-2023,24-08-2023
DLV0810,Xpress,Transit,12-11-2023,14-11-2023
DLV0811,Normal,Returned,04-11-2023,10-11-2023
DLV0812,Xpress,Returned,31-03-2023,02-04-2023
DLV0813,Xpress,Returned,26-05-2023,28-05-2023
DLV0814,Xpress,Transit,23-02-2023,25-02-2023
DLV0815,Normal,Transit,04-02-2023,10-02-2023
DLV0816,Normal,Returned,08-04-2023,14-04-2023
DLV0817,Normal,Transit,15-11-2023,21-11-2023
DLV0818,Xpress,Delivered,12-05-2023,14-05-2023
DLV0819,Normal,Returned,09-01-2023,15-01-2023
DLV0820,Normal,Returned,09-04-2023,15-04-2023
DLV0821,Normal,Transit,25-06-2023,01-07-2023
DLV0822,Normal,Transit,24-10-2023,30-10-2023
DLV0823,Xpress,Returned,18-07-2023,20-07-2023
DLV0824,Normal,Returned,01-06-2023,07-06-2023
DLV0825,Normal,Returned,30-01-2023,05-02-2023
DLV0826,Xpress,Delivered,28-10-2023,30-10-2023
DLV0827,Normal,Delivered,23-12-2023,29-12-2023
DLV0828,Xpress,Delivered,10-12-2023,12-12-2023
DLV0829,Normal,Returned,18-07-2023,24-07-2023
DLV0830,Xpress,Returned,04-02-2023,06-02-2023
DLV0831,Normal,Returned,01-12-2023,07-12-2023
DLV0832,Xpress,Returned,07-05-2023,09-05-2023
DLV0833,Xpress,Delivered,23-03-2023,25-03-2023
DLV0834,Normal,Returned,27-10-2023,02-11-2023
DLV0835,Xpress,Delivered,20-10-2023,22-10-2023
DLV0836,Xpress,Returned,23-11-2023,25-11-2023
DLV0837,Normal,Delivered,07-10-2023,13-10-2023
DLV0838,Normal,Delivered,27-11-2023,03-12-2023
DLV0839,Xpress,Delivered,23-04-2023,25-04-2023
DLV0840,Normal,Transit,15-11-2023,21-11-2023
DLV0841,Normal,Returned,07-04-2023,13-04-2023
DLV0842,Normal,Returned,03-06-2023,09-06-2023
DLV0843,Normal,Delivered,14-10-2023,20-10-2023
DLV0844,Normal,Transit,23-02-2023,01-03-2023
DLV0845,Normal,Returned,18-02-2023,24-02-2023
DLV0846,Normal,Transit,22-02-2023,28-02-2023
DLV0847,Normal,Delivered,05-12-2023,11-12-2023
DLV0848,Normal,Transit,28-10-2023,03-11-2023
DLV0849,Xpress,Returned,06-06-2023,08-06-2023
DLV0850,Xpress,Delivered,02-11-2023,04-11-2023
DLV0851,Xpress,Transit,06-08-2023,08-08-2023
DLV0852,Normal,Delivered,20-11-2023,26-11-2023
DLV0853,Normal,Delivered,31-03-2023,06-04-2023
DLV0854,Xpress,Returned,30-11-2023,02-12-2023
DLV0855,Xpress,Delivered,15-03-2023,17-03-2023
DLV0856,Normal,Returned,06-03-2023,12-03-2023
DLV0857,Normal,Returned,27-06-2023,03-07-2023
DLV0858,Xpress,Delivered,02-12-2023,04-12-2023
DLV0859,Xpress,Delivered,05-05-2023,07-05-2023
DLV0860,Normal,Transit,01-04-2023,07-04-2023
DLV0861,Xpress,Delivered,17-01-2023,19-01-2023
DLV0862,Normal,Transit,15-03-2023,21-03-2023
DLV0863,Normal,Delivered,19-07-2023,25-07-2023
DLV0864,Xpress,Returned,20-06-2023,22-06-2023
DLV0865,Normal,Transit,14-04-2023,20-04-2023
DLV0866,Xpress,Delivered,29-11-2023,01-12-2023
DLV0867,Normal,Transit,13-02-2023,19-02-2023
DLV0868,Xpress,Transit,21-12-2023,23-12-2023
DLV0869,Normal,Transit,10-06-2023,16-06-2023
DLV0870,Normal,Returned,11-11-2023,17-11-2023
DLV0871,Normal,Delivered,12-11-2023,18-11-2023
DLV0872,Xpress,Returned,08-06-2023,10-06-2023
DLV0873,Normal,Delivered,14-08-2023,20-08-2023
DLV0874,Xpress,Returned,28-06-2023,30-06-2023
DLV0875,Xpress,Delivered,09-12-2023,11-12-2023
DLV0876,Xpress,Transit,01-07-2023,03-07-2023
DLV0877,Xpress,Delivered,17-05-2023,19-05-2023
DLV0878,Normal,Returned,14-11-2023,20-11-2023
DLV0879,Xpress,Returned,16-11-2023,18-11-2023
DLV0880,Normal,Delivered,12-01-2023,18-01-2023
DLV0881,Xpress,Transit,20-02-2023,22-02-2023
DLV0882,Xpress,Returned,28-04-2023,30-04-2023
DLV0883,Xpress,Returned,13-06-2023,15-06-2023
DLV0884,Xpress,Returned,01-05-2023,03-05-2023
DLV0885,Normal,Delivered,10-06-2023,16-06-2023
DLV0886,Xpress,Delivered,19-10-2023,21-10-2023
DLV0887,Normal,Delivered,29-03-2023,04-04-2023
DLV0888,Normal,Delivered,07-03-2023,13-03-2023
DLV0889,Xpress,Returned,16-08-2023,18-08-2023
DLV0890,Xpress,Transit,28-07-2023,30-07-2023
DLV0891,Xpress,Returned,11-06-2023,13-06-2023
DLV0892,Xpress,Returned,20-12-2023,22-12-2023
DLV0893,Normal,Returned,29-05-2023,04-06-2023
DLV0894,Xpress,Delivered,12-03-2023,14-03-2023
DLV0895,Xpress,Returned,27-03-2023,29-03-2023
DLV0896,Normal,Transit,05-08-2023,11-08-2023
DLV0897,Xpress,Delivered,25-05-2023,27-05-2023
DLV0898,Xpress,Returned,18-08-2023,20-08-2023
DLV0899,Normal,Delivered,28-09-2023,04-10-2023
DLV0900,Xpress,Delivered,01-06-2023,03-06-2023
DLV0901,Normal,Delivered,17-01-2023,23-01-2023
DLV0902,Xpress,Returned,02-04-2023,04-04-2023
DLV0903,Xpress,Delivered,18-08-2023,20-08-2023
DLV0904,Normal,Transit,07-11-2023,13-11-2023
DLV0905,Xpress,Returned,18-09-2023,20-09-2023
DLV0906,Normal,Transit,13-05-2023,19-05-2023
DLV0907,Xpress,Transit,23-04-2023,25-04-2023
DLV0908,Xpress,Delivered,22-05-2023,24-05-2023
DLV0909,Xpress,Transit,08-02-2023,10-02-2023
DLV0910,Xpress,Delivered,17-08-2023,19-08-2023
DLV0911,Normal,Delivered,25-08-2023,31-08-2023
DLV0912,Xpress,Transit,26-01-2023,28-01-2023
DLV0913,Normal,Transit,09-12-2023,15-12-2023
DLV0914,Xpress,Returned,08-06-2023,10-06-2023
DLV0915,Normal,Returned,28-09-2023,04-10-2023
DLV0916,Xpress,Delivered,09-01-2023,11-01-2023
DLV0917,Xpress,Returned,17-06-2023,19-06-2023
DLV0918,Normal,Returned,07-02-2023,13-02-2023
DLV0919,Xpress,Returned,30-09-2023,02-10-2023
DLV0920,Xpress,Delivered,25-06-2023,27-06-2023
DLV0921,Xpress,Returned,06-07-2023,08-07-2023
DLV0922,Xpress,Returned,30-05-2023,01-06-2023
DLV0923,Xpress,Delivered,04-10-2023,06-10-2023
DLV0924,Xpress,Transit,21-09-2023,23-09-2023
DLV0925,Normal,Delivered,25-02-2023,03-03-2023
DLV0926,Normal,Returned,07-07-2023,13-07-2023
DLV0927,Normal,Delivered,07-09-2023,13-09-2023
DLV0928,Xpress,Transit,28-06-2023,30-06-2023
DLV0929,Xpress,Transit,12-09-2023,14-09-2023
DLV0930,Normal,Delivered,08-07-2023,14-07-2023
DLV0931,Xpress,Delivered,11-08-2023,13-08-2023
DLV0932,Xpress,Delivered,11-02-2023,13-02-2023
DLV0933,Normal,Delivered,12-03-2023,18-03-2023
DLV0934,Xpress,Transit,25-11-2023,27-11-2023
DLV0935,Xpress,Transit,15-03-2023,17-03-2023
DLV0936,Xpress,Transit,24-11-2023,26-11-2023
DLV0937,Xpress,Returned,04-03-2023,06-03-2023
DLV0938,Xpress,Transit,21-03-2023,23-03-2023
DLV0939,Normal,Transit,01-08-2023,07-08-2023
DLV0940,Xpress,Returned,28-11-2023,30-11-2023
DLV0941,Normal,Delivered,12-03-2023,18-03-2023
DLV0942,Normal,Delivered,17-03-2023,23-03-2023
DLV0943,Normal,Transit,30-01-2023,05-02-2023
DLV0944,Xpress,Transit,12-08-2023,14-08-2023
DLV0945,Normal,Transit,10-06-2023,16-06-2023
DLV0946,Xpress,Returned,12-01-2023,14-01-2023
DLV0947,Xpress,Transit,16-04-2023,18-04-2023
DLV0948,Xpress,Transit,19-08-2023,21-08-2023
DLV0949,Xpress,Returned,26-07-2023,28-07-2023
DLV0950,Xpress,Delivered,01-02-2023,03-02-2023
DLV0951,Normal,Transit,28-02-2023,06-03-2023
DLV0952,Xpress,Returned,03-03-2023,05-03-2023
DLV0953,Normal,Delivered,27-01-2023,02-02-2023
DLV0954,Normal,Returned,17-08-2023,23-08-2023
DLV0955,Xpress,Delivered,26-12-2023,28-12-2023
DLV0956,Normal,Returned,09-04-2023,15-04-2023
DLV0957,Xpress,Returned,23-02-2023,25-02-2023
DLV0958,Xpress,Transit,12-07-2023,14-07-2023
DLV0959,Normal,Returned,13-11-2023,19-11-2023
DLV0960,Xpress,Transit,20-02-2023,22-02-2023
DLV0961,Normal,Delivered,03-08-2023,09-08-2023
DLV0962,Normal,Transit,25-01-2023,31-01-2023
DLV0963,Normal,Delivered,12-06-2023,18-06-2023
DLV0964,Normal,Returned,15-08-2023,21-08-2023
DLV0965,Xpress,Returned,09-08-2023,11-08-2023
DLV0966,Normal,Delivered,12-11-2023,18-11-2023
DLV0967,Normal,Returned,25-05-2023,31-05-2023
DLV0968,Xpress,Returned,07-09-2023,09-09-2023
DLV0969,Normal,Delivered,12-11-2023,18-11-2023
DLV0970,Xpress,Returned,01-09-2023,03-09-2023
DLV0971,Normal,Returned,02-03-2023,08-03-2023
DLV0972,Normal,Returned,31-10-2023,06-11-2023
DLV0973,Xpress,Delivered,22-02-2023,24-02-2023
DLV0974,Normal,Returned,24-03-2023,30-03-2023
DLV0975,Xpress,Transit,12-10-2023,14-10-2023
DLV0976,Normal,Delivered,26-12-2023,01-01-2024
DLV0977,Normal,Delivered,24-06-2023,30-06-2023
DLV0978,Xpress,Delivered,17-10-2023,19-10-2023
DLV0979,Xpress,Transit,29-12-2023,31-12-2023
DLV0980,Xpress,Transit,22-07-2023,24-07-2023
DLV0981,Normal,Transit,15-01-2023,21-01-2023
DLV0982,Xpress,Returned,26-03-2023,28-03-2023
DLV0983,Xpress,Returned,22-06-2023,24-06-2023
DLV0984,Normal,Transit,10-09-2023,16-09-2023
DLV0985,Normal,Transit,20-05-2023,26-05-2023
DLV0986,Xpress,Transit,22-12-2023,24-12-2023
DLV0987,Normal,Returned,12-03-2023,18-03-2023
DLV0988,Xpress,Delivered,08-11-2023,10-11-2023
DLV0989,Normal,Transit,20-08-2023,26-08-2023
DLV0990,Normal,Returned,05-08-2023,11-08-2023
DLV0991,Xpress,Returned,15-01-2023,17-01-2023
DLV0992,Normal,Returned,05-09-2023,11-09-2023
DLV0993,Xpress,Transit,04-01-2023,06-01-2023
DLV0994,Xpress,Delivered,01-07-2023,03-07-2023
DLV0995,Normal,Transit,18-07-2023,24-07-2023
DLV0996,Xpress,Returned,13-12-2023,15-12-2023
DLV0997,Xpress,Transit,24-11-2023,26-11-2023
DLV0998,Normal,Returned,06-06-2023,12-06-2023
DLV0999,Normal,Transit,29-01-2023,04-02-2023
DLV1000,Normal,Transit,15-06-2023,21-06-2023
