Product_ID,Product_Category,Product_SubCategory,Manufacturer_Name,Product_Name,Product_Cost,Product_MRP,Mfg_Date,Exp_Date,Product_Ratings
PDT0001,Food & Beverages,Chips,Cadbury,Eclairs,? 73.15,? 77.00,17-06-2022,21-04-2025,4.3
PDT0002,Food & Beverages,Chips,ITC,Bingo,? 109.25,? 115.00,17-11-2021,29-01-2025,3.6
PDT0003,Food & Beverages,Toffees,Dabur,Hajmola,? 22.80,? 24.00,10-01-2022,06-11-2024,3.6
PDT0004,Stationeries,Arts & Crafts,ITC,Decorative Papers,? 165.30,? 174.00,30-01-2022,29-11-2024,4
PDT0005,Stationeries,Notebooks,White Lotus,Spiral,? 65.55,? 69.00,20-04-2022,08-08-2024,4.1
PDT0006,Food & Beverages,Noodles,Unilever,Knorr,? 122.55,? 129.00,16-08-2021,25-08-2024,3.3
PDT0007,Personal Care,Detergents,Unilever,Wheel,? 190.00,? 200.00,19-03-2022,02-02-2025,4.6
PDT0008,Electronics,Televisions,Sony,Bravia,"? 36,115.20","? 38,016.00",31-05-2022,02-09-2024,3.6
PDT0009,Electronics,Washing Machines,LG,Roller Jet,"? 27,778.95","? 29,241.00",17-07-2021,07-01-2025,4.3
PDT0010,Electronics,Washing Machines,Hitachi,Arcelik,"? 9,684.30","? 10,194.00",14-01-2022,01-11-2024,3.5
PDT0011,Stationeries,Notebooks,Navneet,Oblong,? 138.70,? 146.00,11-11-2021,23-10-2024,4.1
PDT0012,Stationeries,Arts & Crafts,DOMS,Sparkle Pens,? 202.35,? 213.00,29-11-2021,15-11-2024,4.2
PDT0013,Stationeries,Notebooks,PaperKraft,Regular,? 199.50,? 210.00,11-12-2021,11-04-2025,3.6
PDT0014,Stationeries,Arts & Crafts,Stic,Colours,? 6.65,? 7.00,14-04-2022,14-07-2024,3.5
PDT0015,Electronics,Air Conditioners,Whirlpoo;,Split,"? 31,061.20","? 32,696.00",06-07-2021,28-07-2024,3.4
PDT0016,Electronics,Televisions,LG,OLED TV,"? 17,626.30","? 18,554.00",10-02-2022,22-09-2024,3.1
PDT0017,Stationeries,Pencils,Kakuyo,Camlin,? 154.85,? 163.00,05-11-2021,13-03-2025,4.6
PDT0018,Electronics,Refrigerators,LG,InstaView,"? 18,346.40","? 19,312.00",08-08-2021,03-09-2024,4.5
PDT0019,Stationeries,Pens,Linc,Roller Ball,? 98.80,? 104.00,18-03-2022,12-03-2025,4.4
PDT0020,Personal Care,Detergents,P&G,Tide,? 41.80,? 44.00,06-05-2022,04-07-2024,3.5
PDT0021,Personal Care,Shampoos,Unilever,Clinic All Clear,? 19.00,? 20.00,10-08-2021,17-04-2025,3.4
PDT0022,Electronics,Washing Machines,Kelvinator,Semi Automatic,"? 40,892.75","? 43,045.00",28-07-2021,30-09-2024,3.5
PDT0023,Stationeries,Office Supplies,Kangaro,Punchers,? 51.30,? 54.00,29-09-2021,24-04-2025,4.7
PDT0024,Stationeries,Pens,Luxor,Pilot,? 66.50,? 70.00,21-05-2022,10-07-2024,4.5
PDT0025,Stationeries,Adhesives,Elmer,School Glue,? 147.25,? 155.00,18-09-2021,11-09-2024,3.7
PDT0026,Stationeries,Adhesives,Pidilite,Fevistik,? 123.50,? 130.00,06-08-2021,25-12-2024,3.9
PDT0027,Stationeries,Adhesives,Pidilite,Fevikwik,? 49.40,? 52.00,04-05-2022,07-10-2024,3.9
PDT0028,Stationeries,Pens,Trimax,Ink Gel,? 156.75,? 165.00,15-11-2021,09-08-2024,3.1
PDT0029,Personal Care,Deodorants,Raymond,Park Avenue,? 87.40,? 92.00,08-11-2021,27-05-2025,3.2
PDT0030,Personal Care,Deodorants,P&G,Old Spice,? 134.90,? 142.00,24-04-2022,14-05-2025,3.1
PDT0031,Electronics,Refrigerators,Samsung,Spacemax,"? 17,388.80","? 18,304.00",15-11-2021,28-11-2024,4.1
PDT0032,Electronics,Televisions,Samsung,Smart HD TV,"? 37,735.90","? 39,722.00",28-09-2021,11-06-2025,3.2
PDT0033,Personal Care,Deodorants,Raymond,Cobra,? 26.60,? 28.00,20-12-2021,07-05-2025,3.2
PDT0034,Food & Beverages,Chips,PepsiCo,Uncle Chips,? 88.35,? 93.00,10-04-2022,02-12-2024,3.8
PDT0035,Food & Beverages,Noodles,ITC,Yippee!,? 62.70,? 66.00,27-06-2022,28-08-2024,4.6
PDT0036,Electronics,Smartphones,Google,Pixel 9,"? 31,370.90","? 33,022.00",15-01-2022,14-11-2024,4
PDT0037,Stationeries,Office Supplies,Kangaro,Pins,? 195.70,? 206.00,11-02-2022,03-04-2025,4
PDT0038,Electronics,Air Conditioners,Hitachi,Convertible,"? 22,138.80","? 23,304.00",10-10-2021,21-10-2024,3.4
PDT0039,Food & Beverages,Biscuits,Parle,Parle G,? 109.25,? 115.00,14-01-2022,29-05-2025,4.8
PDT0040,Electronics,Smartphones,Oppo,Reno 8,"? 28,868.60","? 30,388.00",06-11-2021,04-05-2025,3.1
PDT0041,Personal Care,Detergents,P&G,Ariel,? 181.45,? 191.00,27-02-2022,23-09-2024,4.9
PDT0042,Food & Beverages,Biscuits,Britannia,Monaco,? 126.35,? 133.00,09-06-2022,02-06-2025,3.4
PDT0043,Electronics,Refrigerators,Kelvinator,Star Direct,"? 28,574.10","? 30,078.00",09-12-2021,06-12-2024,3
PDT0044,Food & Beverages,Noodles,Nissin,Top Rames,? 98.80,? 104.00,29-07-2021,25-03-2025,3.1
PDT0045,Personal Care,Toothpastes,P&G,Crest,? 118.75,? 125.00,27-09-2021,25-09-2024,4.8
PDT0046,Stationeries,Notebooks,ITC,Classmate,? 55.10,? 58.00,05-02-2022,24-07-2024,3.4
PDT0047,Personal Care,Soaps,Unilever,Lifebuoy,? 23.75,? 25.00,02-03-2022,25-06-2025,4.2
PDT0048,Stationeries,Office Supplies,Kangaro,Staplers,? 122.55,? 129.00,26-12-2021,25-04-2025,4
PDT0049,Food & Beverages,Chips,Frito Lay,Cheetos,? 111.15,? 117.00,05-12-2021,29-11-2024,4
PDT0050,Stationeries,Pens,ADD,Magnetic,? 42.75,? 45.00,02-04-2022,15-06-2025,3.3
PDT0051,Personal Care,Deodorants,Unilever,Set Wet,? 167.20,? 176.00,16-08-2021,09-10-2024,4.7
PDT0052,Electronics,Refrigerators,Hitachi,Big French,"? 26,881.20","? 28,296.00",15-08-2021,13-07-2024,3.5
PDT0053,Food & Beverages,Biscuits,Britannia,Marie,? 120.65,? 127.00,30-07-2021,07-06-2025,4.6
PDT0054,Electronics,Televisions,Hitachi,FHD TV,"? 39,731.85","? 41,823.00",02-12-2021,23-12-2024,3.3
PDT0055,Electronics,Washing Machines,Samsung,Ecobubble,"? 31,671.10","? 33,338.00",16-09-2021,13-02-2025,3.5
PDT0056,Personal Care,Soaps,P&G,Olay,? 137.75,? 145.00,08-05-2022,17-12-2024,3.2
PDT0057,Stationeries,Office Supplies,Kangaro,Clips,? 148.20,? 156.00,05-08-2021,22-02-2025,4.4
PDT0058,Electronics,Smartphones,Xiaomi,Redmi 13,"? 20,897.15","? 21,997.00",01-05-2022,04-12-2024,5
PDT0059,Stationeries,Pencils,Faber Castell,Gold Series,? 169.10,? 178.00,29-07-2021,09-03-2025,3.4
PDT0060,Stationeries,Adhesives,Gorilla,Super Glue,? 176.70,? 186.00,29-11-2021,30-10-2024,3.7
PDT0061,Electronics,Refrigerators,Whirlpoo;,Intellifresh,"? 23,503.95","? 24,741.00",02-06-2022,10-10-2024,3.2
PDT0062,Stationeries,Arts & Crafts,Apsara,Crayons,? 191.90,? 202.00,29-07-2021,25-06-2025,4.5
PDT0063,Personal Care,Toothpastes,Unilever,Pepsodent,? 97.85,? 103.00,04-05-2022,28-03-2025,3.2
PDT0064,Personal Care,Detergents,Unilever,Rin,? 122.55,? 129.00,16-06-2022,30-05-2025,3.5
PDT0065,Electronics,Smartphones,Apple,iPhone 17,"? 16,262.10","? 17,118.00",02-02-2022,09-07-2024,4.8
PDT0066,Stationeries,Arts & Crafts,Faber Castell,Water Colours,? 159.60,? 168.00,23-12-2021,10-12-2024,4
PDT0067,Stationeries,Pens,Faber,Marker,? 77.90,? 82.00,24-05-2022,11-06-2025,3.9
PDT0068,Personal Care,Detergents,Unilever,Surf Excel,? 12.35,? 13.00,13-05-2022,01-07-2024,3.6
PDT0069,Food & Beverages,Toffees,Perfetti,Alpenliebe,? 53.20,? 56.00,01-10-2021,19-10-2024,3.9
PDT0070,Personal Care,Soaps,Unilever,Dove,? 18.05,? 19.00,08-05-2022,12-08-2024,3.9
PDT0071,Electronics,Air Conditioners,Kelvinator,WindFree,"? 26,703.55","? 28,109.00",04-03-2022,18-03-2025,3.2
PDT0072,Food & Beverages,Biscuits,ITC,Sunfeast,? 55.10,? 58.00,29-09-2021,25-04-2025,3.4
PDT0073,Personal Care,Shampoos,P&G,Head & Shoulders,? 92.15,? 97.00,25-06-2022,05-03-2025,3.7
PDT0074,Personal Care,Toothpastes,P&G,Oral-B,? 131.10,? 138.00,22-06-2022,17-06-2025,3.9
PDT0075,Stationeries,Adhesives,Pidilite,Fevicol,? 130.15,? 137.00,18-06-2022,17-07-2024,4.3
PDT0076,Stationeries,Pencils,Fila,DOMS,? 76.95,? 81.00,29-03-2022,21-01-2025,3.8
PDT0077,Electronics,Washing Machines,Whirlpoo;,Fully Automatic,"? 43,643.00","? 45,940.00",02-01-2022,22-01-2025,4.2
PDT0078,Food & Beverages,Noodles,Capital,Ching's,? 46.55,? 49.00,21-05-2022,05-12-2024,3.1
PDT0079,Personal Care,Toothpastes,Unilever,Close Up,? 35.15,? 37.00,04-03-2022,16-12-2024,4.3
PDT0080,Electronics,Air Conditioners,LG,Invertor,"? 35,175.65","? 37,027.00",11-12-2021,18-12-2024,3.5
PDT0081,Personal Care,Shampoos,Unilever,Sunsilk,? 55.10,? 58.00,27-11-2021,05-02-2025,4.6
PDT0082,Electronics,Air Conditioners,Samsung,Window,"? 40,157.45","? 42,271.00",21-03-2022,24-05-2025,3.1
PDT0083,Personal Care,Soaps,P&G,Dawn,? 91.20,? 96.00,19-07-2021,27-11-2024,3.8
PDT0084,Food & Beverages,Toffees,ITC,Candyman,? 55.10,? 58.00,11-02-2022,19-05-2025,4.8
PDT0085,Stationeries,Notebooks,Taj White,A4,? 112.10,? 118.00,15-01-2022,25-06-2025,3.8
PDT0086,Personal Care,Soaps,Unilever,Lux,? 151.05,? 159.00,17-06-2022,28-02-2025,4.5
PDT0087,Electronics,Smartphones,Samsung,Galaxy S24,"? 21,562.15","? 22,697.00",05-07-2021,03-04-2025,4.5
PDT0088,Food & Beverages,Toffees,DS Group,Pulse,? 105.45,? 111.00,13-05-2022,15-10-2024,4.9
PDT0089,Stationeries,Pencils,Apsara,HB,? 236.55,? 249.00,28-10-2021,27-09-2024,5
PDT0090,Food & Beverages,Chips,P&G,Pringles,? 97.85,? 103.00,12-04-2022,06-08-2024,4.7
PDT0091,Stationeries,Pencils,Nataraj,621 HB,? 119.70,? 126.00,21-08-2021,07-12-2024,3.6
PDT0092,Stationeries,Office Supplies,Kangaro,Cutters,? 58.90,? 62.00,02-01-2022,12-05-2025,3.8
PDT0093,Food & Beverages,Chips,Frito Lay,Lays,? 24.70,? 26.00,16-01-2022,21-01-2025,3.7
PDT0094,Personal Care,Shampoos,Unilever,Tresemme,? 76.95,? 81.00,11-11-2021,26-11-2024,4.5
PDT0095,Electronics,Televisions,Xiaomi,TV A Pro,"? 11,530.15","? 12,137.00",01-02-2022,02-03-2025,3.1
PDT0096,Personal Care,Deodorants,Unilever,Axe,? 82.65,? 87.00,14-06-2022,31-07-2024,4.9
PDT0097,Food & Beverages,Biscuits,Bisk Farm,Rusk,? 95.00,? 100.00,05-08-2021,10-11-2024,3.3
PDT0098,Personal Care,Shampoos,P&G,Pantene,? 150.10,? 158.00,29-11-2021,21-03-2025,3.8
PDT0099,Personal Care,Toothpastes,Palmolive,Colgate,? 164.35,? 173.00,29-10-2021,06-10-2024,3.4
PDT0100,Food & Beverages,Noodles,Nestle,Maggi,? 67.45,? 71.00,25-01-2022,15-08-2024,4.3
